BEGIN TRANSACTION;
CREATE TABLE "auth_group" ("id" integer NOT NULL PRIMARY KEY AUTOINCREMENT, "name" varchar(150) NOT NULL UNIQUE);
CREATE TABLE "auth_group_permissions" ("id" integer NOT NULL PRIMARY KEY AUTOINCREMENT, "group_id" integer NOT NULL REFERENCES "auth_group" ("id") DEFERRABLE INITIALLY DEFERRED, "permission_id" integer NOT NULL REFERENCES "auth_permission" ("id") DEFERRABLE INITIALLY DEFERRED);
CREATE TABLE "auth_permission" ("id" integer NOT NULL PRIMARY KEY AUTOINCREMENT, "content_type_id" integer NOT NULL REFERENCES "django_content_type" ("id") DEFERRABLE INITIALLY DEFERRED, "codename" varchar(100) NOT NULL, "name" varchar(255) NOT NULL);
INSERT INTO "auth_permission" VALUES(1,1,'view_reports','Ver reportes');
INSERT INTO "auth_permission" VALUES(2,1,'manage_access','Administrar usuarios, roles y permisos');
INSERT INTO "auth_permission" VALUES(3,2,'add_logentry','Can add log entry');
INSERT INTO "auth_permission" VALUES(4,2,'change_logentry','Can change log entry');
INSERT INTO "auth_permission" VALUES(5,2,'delete_logentry','Can delete log entry');
INSERT INTO "auth_permission" VALUES(6,2,'view_logentry','Can view log entry');
INSERT INTO "auth_permission" VALUES(7,3,'add_permission','Can add permission');
INSERT INTO "auth_permission" VALUES(8,3,'change_permission','Can change permission');
INSERT INTO "auth_permission" VALUES(9,3,'delete_permission','Can delete permission');
INSERT INTO "auth_permission" VALUES(10,3,'view_permission','Can view permission');
INSERT INTO "auth_permission" VALUES(11,4,'add_group','Can add group');
INSERT INTO "auth_permission" VALUES(12,4,'change_group','Can change group');
INSERT INTO "auth_permission" VALUES(13,4,'delete_group','Can delete group');
INSERT INTO "auth_permission" VALUES(14,4,'view_group','Can view group');
INSERT INTO "auth_permission" VALUES(15,5,'add_user','Can add user');
INSERT INTO "auth_permission" VALUES(16,5,'change_user','Can change user');
INSERT INTO "auth_permission" VALUES(17,5,'delete_user','Can delete user');
INSERT INTO "auth_permission" VALUES(18,5,'view_user','Can view user');
INSERT INTO "auth_permission" VALUES(19,6,'add_contenttype','Can add content type');
INSERT INTO "auth_permission" VALUES(20,6,'change_contenttype','Can change content type');
INSERT INTO "auth_permission" VALUES(21,6,'delete_contenttype','Can delete content type');
INSERT INTO "auth_permission" VALUES(22,6,'view_contenttype','Can view content type');
INSERT INTO "auth_permission" VALUES(23,7,'add_session','Can add session');
INSERT INTO "auth_permission" VALUES(24,7,'change_session','Can change session');
INSERT INTO "auth_permission" VALUES(25,7,'delete_session','Can delete session');
INSERT INTO "auth_permission" VALUES(26,7,'view_session','Can view session');
INSERT INTO "auth_permission" VALUES(27,1,'add_ticket','Can add ticket');
INSERT INTO "auth_permission" VALUES(28,1,'change_ticket','Can change ticket');
INSERT INTO "auth_permission" VALUES(29,1,'delete_ticket','Can delete ticket');
INSERT INTO "auth_permission" VALUES(30,1,'view_ticket','Can view ticket');
INSERT INTO "auth_permission" VALUES(31,8,'add_ticketevent','Can add ticket event');
INSERT INTO "auth_permission" VALUES(32,8,'change_ticketevent','Can change ticket event');
INSERT INTO "auth_permission" VALUES(33,8,'delete_ticketevent','Can delete ticket event');
INSERT INTO "auth_permission" VALUES(34,8,'view_ticketevent','Can view ticket event');
CREATE TABLE "auth_user" ("id" integer NOT NULL PRIMARY KEY AUTOINCREMENT, "password" varchar(128) NOT NULL, "last_login" datetime NULL, "is_superuser" bool NOT NULL, "username" varchar(150) NOT NULL UNIQUE, "last_name" varchar(150) NOT NULL, "email" varchar(254) NOT NULL, "is_staff" bool NOT NULL, "is_active" bool NOT NULL, "date_joined" datetime NOT NULL, "first_name" varchar(150) NOT NULL);
CREATE TABLE "auth_user_groups" ("id" integer NOT NULL PRIMARY KEY AUTOINCREMENT, "user_id" integer NOT NULL REFERENCES "auth_user" ("id") DEFERRABLE INITIALLY DEFERRED, "group_id" integer NOT NULL REFERENCES "auth_group" ("id") DEFERRABLE INITIALLY DEFERRED);
CREATE TABLE "auth_user_user_permissions" ("id" integer NOT NULL PRIMARY KEY AUTOINCREMENT, "user_id" integer NOT NULL REFERENCES "auth_user" ("id") DEFERRABLE INITIALLY DEFERRED, "permission_id" integer NOT NULL REFERENCES "auth_permission" ("id") DEFERRABLE INITIALLY DEFERRED);
CREATE TABLE "django_admin_log" ("id" integer NOT NULL PRIMARY KEY AUTOINCREMENT, "object_id" text NULL, "object_repr" varchar(200) NOT NULL, "action_flag" smallint unsigned NOT NULL CHECK ("action_flag" >= 0), "change_message" text NOT NULL, "content_type_id" integer NULL REFERENCES "django_content_type" ("id") DEFERRABLE INITIALLY DEFERRED, "user_id" integer NOT NULL REFERENCES "auth_user" ("id") DEFERRABLE INITIALLY DEFERRED, "action_time" datetime NOT NULL);
CREATE TABLE "django_content_type" ("id" integer NOT NULL PRIMARY KEY AUTOINCREMENT, "app_label" varchar(100) NOT NULL, "model" varchar(100) NOT NULL);
INSERT INTO "django_content_type" VALUES(1,'tickets','ticket');
INSERT INTO "django_content_type" VALUES(2,'admin','logentry');
INSERT INTO "django_content_type" VALUES(3,'auth','permission');
INSERT INTO "django_content_type" VALUES(4,'auth','group');
INSERT INTO "django_content_type" VALUES(5,'auth','user');
INSERT INTO "django_content_type" VALUES(6,'contenttypes','contenttype');
INSERT INTO "django_content_type" VALUES(7,'sessions','session');
INSERT INTO "django_content_type" VALUES(8,'tickets','ticketevent');
CREATE TABLE "django_migrations" ("id" integer NOT NULL PRIMARY KEY AUTOINCREMENT, "app" varchar(255) NOT NULL, "name" varchar(255) NOT NULL, "applied" datetime NOT NULL);
INSERT INTO "django_migrations" VALUES(1,'contenttypes','0001_initial','2026-07-11 00:40:14.309908');
INSERT INTO "django_migrations" VALUES(2,'auth','0001_initial','2026-07-11 00:40:14.331970');
INSERT INTO "django_migrations" VALUES(3,'admin','0001_initial','2026-07-11 00:40:14.348495');
INSERT INTO "django_migrations" VALUES(4,'admin','0002_logentry_remove_auto_add','2026-07-11 00:40:14.363532');
INSERT INTO "django_migrations" VALUES(5,'admin','0003_logentry_add_action_flag_choices','2026-07-11 00:40:14.374588');
INSERT INTO "django_migrations" VALUES(6,'contenttypes','0002_remove_content_type_name','2026-07-11 00:40:14.395133');
INSERT INTO "django_migrations" VALUES(7,'auth','0002_alter_permission_name_max_length','2026-07-11 00:40:14.408654');
INSERT INTO "django_migrations" VALUES(8,'auth','0003_alter_user_email_max_length','2026-07-11 00:40:14.421678');
INSERT INTO "django_migrations" VALUES(9,'auth','0004_alter_user_username_opts','2026-07-11 00:40:14.432208');
INSERT INTO "django_migrations" VALUES(10,'auth','0005_alter_user_last_login_null','2026-07-11 00:40:14.446776');
INSERT INTO "django_migrations" VALUES(11,'auth','0006_require_contenttypes_0002','2026-07-11 00:40:14.452344');
INSERT INTO "django_migrations" VALUES(12,'auth','0007_alter_validators_add_error_messages','2026-07-11 00:40:14.463860');
INSERT INTO "django_migrations" VALUES(13,'auth','0008_alter_user_username_max_length','2026-07-11 00:40:14.477888');
INSERT INTO "django_migrations" VALUES(14,'auth','0009_alter_user_last_name_max_length','2026-07-11 00:40:14.494940');
INSERT INTO "django_migrations" VALUES(15,'auth','0010_alter_group_name_max_length','2026-07-11 00:40:14.511528');
INSERT INTO "django_migrations" VALUES(16,'auth','0011_update_proxy_permissions','2026-07-11 00:40:14.523563');
INSERT INTO "django_migrations" VALUES(17,'auth','0012_alter_user_first_name_max_length','2026-07-11 00:40:14.539087');
INSERT INTO "django_migrations" VALUES(18,'sessions','0001_initial','2026-07-11 00:40:14.549616');
INSERT INTO "django_migrations" VALUES(19,'tickets','0001_initial','2026-07-11 00:40:14.565156');
INSERT INTO "django_migrations" VALUES(20,'tickets','0002_create_support_user','2026-07-11 00:40:14.577173');
INSERT INTO "django_migrations" VALUES(21,'tickets','0003_ticketevent_author_name_ticketevent_author_role','2026-07-11 00:40:14.597216');
INSERT INTO "django_migrations" VALUES(22,'tickets','0004_ticket_assigned_at_ticket_assigned_to_and_more','2026-07-11 00:40:14.630283');
INSERT INTO "django_migrations" VALUES(23,'tickets','0005_create_access_permissions','2026-07-11 00:40:14.647831');
CREATE TABLE "django_session" ("session_key" varchar(40) NOT NULL PRIMARY KEY, "session_data" text NOT NULL, "expire_date" datetime NOT NULL);
CREATE TABLE "tickets_ticket" ("id" integer NOT NULL PRIMARY KEY AUTOINCREMENT, "number" varchar(20) NOT NULL UNIQUE, "full_name" varchar(120) NOT NULL, "email" varchar(254) NOT NULL, "enrollment" varchar(30) NOT NULL, "category" varchar(40) NOT NULL, "priority" varchar(20) NOT NULL, "subject" varchar(160) NOT NULL, "description" text NOT NULL, "status" varchar(20) NOT NULL, "created_at" datetime NOT NULL, "updated_at" datetime NOT NULL, "assigned_at" datetime NULL, "assigned_to_id" integer NULL REFERENCES "auth_user" ("id") DEFERRABLE INITIALLY DEFERRED, "closed_at" datetime NULL, "first_response_at" datetime NULL);
CREATE TABLE "tickets_ticketevent" ("id" integer NOT NULL PRIMARY KEY AUTOINCREMENT, "title" varchar(120) NOT NULL, "note" text NOT NULL, "created_at" datetime NOT NULL, "ticket_id" bigint NOT NULL REFERENCES "tickets_ticket" ("id") DEFERRABLE INITIALLY DEFERRED, "author_name" varchar(120) NOT NULL, "author_role" varchar(30) NOT NULL);
CREATE UNIQUE INDEX "auth_group_permissions_group_id_permission_id_0cd325b0_uniq" ON "auth_group_permissions" ("group_id", "permission_id");
CREATE INDEX "auth_group_permissions_group_id_b120cbf9" ON "auth_group_permissions" ("group_id");
CREATE INDEX "auth_group_permissions_permission_id_84c5c92e" ON "auth_group_permissions" ("permission_id");
CREATE UNIQUE INDEX "auth_user_groups_user_id_group_id_94350c0c_uniq" ON "auth_user_groups" ("user_id", "group_id");
CREATE INDEX "auth_user_groups_user_id_6a12ed8b" ON "auth_user_groups" ("user_id");
CREATE INDEX "auth_user_groups_group_id_97559544" ON "auth_user_groups" ("group_id");
CREATE UNIQUE INDEX "auth_user_user_permissions_user_id_permission_id_14a6b632_uniq" ON "auth_user_user_permissions" ("user_id", "permission_id");
CREATE INDEX "auth_user_user_permissions_user_id_a95ead1b" ON "auth_user_user_permissions" ("user_id");
CREATE INDEX "auth_user_user_permissions_permission_id_1fbb5f2c" ON "auth_user_user_permissions" ("permission_id");
CREATE INDEX "django_admin_log_content_type_id_c4bce8eb" ON "django_admin_log" ("content_type_id");
CREATE INDEX "django_admin_log_user_id_c564eba6" ON "django_admin_log" ("user_id");
CREATE UNIQUE INDEX "django_content_type_app_label_model_76bd3d3b_uniq" ON "django_content_type" ("app_label", "model");
CREATE UNIQUE INDEX "auth_permission_content_type_id_codename_01ab375a_uniq" ON "auth_permission" ("content_type_id", "codename");
CREATE INDEX "auth_permission_content_type_id_2f476e4b" ON "auth_permission" ("content_type_id");
CREATE INDEX "django_session_expire_date_a5c62663" ON "django_session" ("expire_date");
CREATE INDEX "tickets_ticketevent_ticket_id_b572d14b" ON "tickets_ticketevent" ("ticket_id");
CREATE INDEX "tickets_ticket_assigned_to_id_142e13bf" ON "tickets_ticket" ("assigned_to_id");
DELETE FROM "sqlite_sequence";
INSERT INTO "sqlite_sequence" VALUES('django_migrations',23);
INSERT INTO "sqlite_sequence" VALUES('django_admin_log',0);
INSERT INTO "sqlite_sequence" VALUES('django_content_type',8);
INSERT INTO "sqlite_sequence" VALUES('auth_permission',34);
INSERT INTO "sqlite_sequence" VALUES('auth_group',0);
INSERT INTO "sqlite_sequence" VALUES('auth_user',0);
INSERT INTO "sqlite_sequence" VALUES('tickets_ticketevent',0);
COMMIT;
